-- MySQL dump 10.13  Distrib 8.0.33, for Linux (aarch64)
--
-- Host: mysql    Database: canoe_api
-- ------------------------------------------------------
-- Server version	8.0.32

/*!40101 SET @OLD_CHARACTER_SET_CLIENT=@@CHARACTER_SET_CLIENT */;
/*!40101 SET @OLD_CHARACTER_SET_RESULTS=@@CHARACTER_SET_RESULTS */;
/*!40101 SET @OLD_COLLATION_CONNECTION=@@COLLATION_CONNECTION */;
/*!50503 SET NAMES utf8mb4 */;
/*!40103 SET @OLD_TIME_ZONE=@@TIME_ZONE */;
/*!40103 SET TIME_ZONE='+00:00' */;
/*!40014 SET @OLD_UNIQUE_CHECKS=@@UNIQUE_CHECKS, UNIQUE_CHECKS=0 */;
/*!40014 SET @OLD_FOREIGN_KEY_CHECKS=@@FOREIGN_KEY_CHECKS, FOREIGN_KEY_CHECKS=0 */;
/*!40101 SET @OLD_SQL_MODE=@@SQL_MODE, SQL_MODE='NO_AUTO_VALUE_ON_ZERO' */;
/*!40111 SET @OLD_SQL_NOTES=@@SQL_NOTES, SQL_NOTES=0 */;

--
-- Table structure for table `companies`
--

DROP TABLE IF EXISTS `companies`;
/*!40101 SET @saved_cs_client     = @@character_set_client */;
/*!50503 SET character_set_client = utf8mb4 */;
CREATE TABLE `companies` (
  `id` bigint unsigned NOT NULL AUTO_INCREMENT,
  `name` varchar(255) COLLATE utf8mb4_unicode_ci NOT NULL,
  `created_at` timestamp NULL DEFAULT NULL,
  `updated_at` timestamp NULL DEFAULT NULL,
  PRIMARY KEY (`id`),
  KEY `companies_name_index` (`name`)
) ENGINE=InnoDB AUTO_INCREMENT=46 DEFAULT CHARSET=utf8mb4 COLLATE=utf8mb4_unicode_ci;
/*!40101 SET character_set_client = @saved_cs_client */;

--
-- Dumping data for table `companies`
--

LOCK TABLES `companies` WRITE;
/*!40000 ALTER TABLE `companies` DISABLE KEYS */;
INSERT INTO `companies` VALUES (1,'Sipes, Collins and Runolfsson','2023-06-05 02:29:24','2023-06-05 02:29:24'),(2,'Borer-Nolan','2023-06-05 02:29:24','2023-06-05 02:29:24'),(3,'Beatty Ltd','2023-06-05 02:29:24','2023-06-05 02:29:24'),(4,'Gorczany, Barrows and Nader','2023-06-05 02:29:24','2023-06-05 02:29:24'),(5,'Bednar, Emard and Hickle','2023-06-05 02:29:24','2023-06-05 02:29:24'),(6,'Mueller, Gislason and Hilpert','2023-06-05 02:29:24','2023-06-05 02:29:24'),(7,'Gleichner, Heller and Rice','2023-06-05 02:29:24','2023-06-05 02:29:24'),(8,'Lemke, Zieme and Hackett','2023-06-05 02:29:24','2023-06-05 02:29:24'),(9,'Bechtelar-Abshire','2023-06-05 02:29:24','2023-06-05 02:29:24'),(10,'Jacobs, Marks and Farrell','2023-06-05 02:29:24','2023-06-05 02:29:24'),(11,'Bins-White','2023-06-05 02:29:24','2023-06-05 02:29:24'),(12,'Doyle, McGlynn and Bogisich','2023-06-05 02:29:24','2023-06-05 02:29:24'),(13,'Waters PLC','2023-06-05 02:29:24','2023-06-05 02:29:24'),(14,'Mohr, Purdy and Rogahn','2023-06-05 02:29:24','2023-06-05 02:29:24'),(15,'Quigley Ltd','2023-06-05 02:29:24','2023-06-05 02:29:24'),(16,'Koepp-Kuhic','2023-06-05 02:29:24','2023-06-05 02:29:24'),(17,'Funk, Ziemann and Strosin','2023-06-05 02:29:24','2023-06-05 02:29:24'),(18,'Bradtke, Schroeder and Abbott','2023-06-05 02:29:24','2023-06-05 02:29:24'),(19,'Simonis Inc','2023-06-05 02:29:24','2023-06-05 02:29:24'),(20,'Jacobi, Wisozk and Macejkovic','2023-06-05 02:29:24','2023-06-05 02:29:24'),(21,'Reinger, Goldner and Konopelski','2023-06-05 02:29:24','2023-06-05 02:29:24'),(22,'Herzog-Schulist','2023-06-05 02:29:24','2023-06-05 02:29:24'),(23,'Rau LLC','2023-06-05 02:29:24','2023-06-05 02:29:24'),(24,'Daniel Inc','2023-06-05 02:29:24','2023-06-05 02:29:24'),(25,'Hamill, Eichmann and Kihn','2023-06-05 02:29:24','2023-06-05 02:29:24'),(26,'Kreiger Ltd','2023-06-05 02:29:24','2023-06-05 02:29:24'),(27,'Konopelski Ltd','2023-06-05 02:29:24','2023-06-05 02:29:24'),(28,'Fadel, Goodwin and Schamberger','2023-06-05 02:29:24','2023-06-05 02:29:24'),(29,'Tromp-Gottlieb','2023-06-05 02:29:24','2023-06-05 02:29:24'),(30,'Boyle, Stracke and Rath','2023-06-05 02:29:24','2023-06-05 02:29:24'),(31,'Weimann, Rowe and Sanford','2023-06-05 02:29:24','2023-06-05 02:29:24'),(32,'Gusikowski, McClure and Tromp','2023-06-05 02:29:24','2023-06-05 02:29:24'),(33,'Watsica and Sons','2023-06-05 02:29:24','2023-06-05 02:29:24'),(34,'Ankunding-Brekke','2023-06-05 02:29:24','2023-06-05 02:29:24'),(35,'Upton, McGlynn and Wuckert','2023-06-05 02:29:24','2023-06-05 02:29:24'),(36,'Goyette and Sons','2023-06-05 02:29:24','2023-06-05 02:29:24'),(37,'Batz, Hermiston and Hermann','2023-06-05 02:29:24','2023-06-05 02:29:24'),(38,'Parker-Stokes','2023-06-05 02:29:24','2023-06-05 02:29:24'),(39,'Kuphal Ltd','2023-06-05 02:29:24','2023-06-05 02:29:24'),(40,'Cassin, Moen and Nader','2023-06-05 02:29:24','2023-06-05 02:29:24'),(41,'Murazik, Barrows and Hand','2023-06-05 02:29:24','2023-06-05 02:29:24'),(42,'Hill, Bartoletti and Homenick','2023-06-05 02:29:24','2023-06-05 02:29:24'),(43,'Bruen-O\'Keefe','2023-06-05 02:29:24','2023-06-05 02:29:24'),(44,'Gorczany-Spinka','2023-06-05 02:29:24','2023-06-05 02:29:24'),(45,'Goodwin-Muller','2023-06-05 02:29:24','2023-06-05 02:29:24');
/*!40000 ALTER TABLE `companies` ENABLE KEYS */;
UNLOCK TABLES;

--
-- Table structure for table `company_fund`
--

DROP TABLE IF EXISTS `company_fund`;
/*!40101 SET @saved_cs_client     = @@character_set_client */;
/*!50503 SET character_set_client = utf8mb4 */;
CREATE TABLE `company_fund` (
  `id` bigint unsigned NOT NULL AUTO_INCREMENT,
  `fund_id` bigint unsigned NOT NULL,
  `company_id` bigint unsigned NOT NULL,
  PRIMARY KEY (`id`),
  KEY `company_fund_fund_id_foreign` (`fund_id`),
  KEY `company_fund_company_id_foreign` (`company_id`),
  CONSTRAINT `company_fund_company_id_foreign` FOREIGN KEY (`company_id`) REFERENCES `companies` (`id`) ON DELETE CASCADE,
  CONSTRAINT `company_fund_fund_id_foreign` FOREIGN KEY (`fund_id`) REFERENCES `funds` (`id`) ON DELETE CASCADE
) ENGINE=InnoDB AUTO_INCREMENT=571 DEFAULT CHARSET=utf8mb4 COLLATE=utf8mb4_unicode_ci;
/*!40101 SET character_set_client = @saved_cs_client */;

--
-- Dumping data for table `company_fund`
--

LOCK TABLES `company_fund` WRITE;
/*!40000 ALTER TABLE `company_fund` DISABLE KEYS */;
INSERT INTO `company_fund` VALUES (1,1,1),(2,2,1),(3,3,2),(4,3,3),(5,4,2),(6,4,3),(7,5,2),(8,5,3),(9,6,2),(10,6,3),(11,7,4),(12,7,5),(13,7,6),(14,8,4),(15,8,5),(16,8,6),(17,9,4),(18,9,5),(19,9,6),(20,10,4),(21,10,5),(22,10,6),(23,11,4),(24,11,5),(25,11,6),(26,12,4),(27,12,5),(28,12,6),(29,13,7),(30,13,8),(31,13,9),(32,13,10),(33,14,7),(34,14,8),(35,14,9),(36,14,10),(37,15,7),(38,15,8),(39,15,9),(40,15,10),(41,16,7),(42,16,8),(43,16,9),(44,16,10),(45,17,7),(46,17,8),(47,17,9),(48,17,10),(49,18,7),(50,18,8),(51,18,9),(52,18,10),(53,19,7),(54,19,8),(55,19,9),(56,19,10),(57,20,7),(58,20,8),(59,20,9),(60,20,10),(61,21,11),(62,21,12),(63,21,13),(64,21,14),(65,21,15),(66,22,11),(67,22,12),(68,22,13),(69,22,14),(70,22,15),(71,23,11),(72,23,12),(73,23,13),(74,23,14),(75,23,15),(76,24,11),(77,24,12),(78,24,13),(79,24,14),(80,24,15),(81,25,11),(82,25,12),(83,25,13),(84,25,14),(85,25,15),(86,26,11),(87,26,12),(88,26,13),(89,26,14),(90,26,15),(91,27,11),(92,27,12),(93,27,13),(94,27,14),(95,27,15),(96,28,11),(97,28,12),(98,28,13),(99,28,14),(100,28,15),(101,29,11),(102,29,12),(103,29,13),(104,29,14),(105,29,15),(106,30,11),(107,30,12),(108,30,13),(109,30,14),(110,30,15),(111,31,16),(112,31,17),(113,31,18),(114,31,19),(115,31,20),(116,31,21),(117,32,16),(118,32,17),(119,32,18),(120,32,19),(121,32,20),(122,32,21),(123,33,16),(124,33,17),(125,33,18),(126,33,19),(127,33,20),(128,33,21),(129,34,16),(130,34,17),(131,34,18),(132,34,19),(133,34,20),(134,34,21),(135,35,16),(136,35,17),(137,35,18),(138,35,19),(139,35,20),(140,35,21),(141,36,16),(142,36,17),(143,36,18),(144,36,19),(145,36,20),(146,36,21),(147,37,16),(148,37,17),(149,37,18),(150,37,19),(151,37,20),(152,37,21),(153,38,16),(154,38,17),(155,38,18),(156,38,19),(157,38,20),(158,38,21),(159,39,16),(160,39,17),(161,39,18),(162,39,19),(163,39,20),(164,39,21),(165,40,16),(166,40,17),(167,40,18),(168,40,19),(169,40,20),(170,40,21),(171,41,16),(172,41,17),(173,41,18),(174,41,19),(175,41,20),(176,41,21),(177,42,16),(178,42,17),(179,42,18),(180,42,19),(181,42,20),(182,42,21),(183,43,22),(184,43,23),(185,43,24),(186,43,25),(187,43,26),(188,43,27),(189,43,28),(190,44,22),(191,44,23),(192,44,24),(193,44,25),(194,44,26),(195,44,27),(196,44,28),(197,45,22),(198,45,23),(199,45,24),(200,45,25),(201,45,26),(202,45,27),(203,45,28),(204,46,22),(205,46,23),(206,46,24),(207,46,25),(208,46,26),(209,46,27),(210,46,28),(211,47,22),(212,47,23),(213,47,24),(214,47,25),(215,47,26),(216,47,27),(217,47,28),(218,48,22),(219,48,23),(220,48,24),(221,48,25),(222,48,26),(223,48,27),(224,48,28),(225,49,22),(226,49,23),(227,49,24),(228,49,25),(229,49,26),(230,49,27),(231,49,28),(232,50,22),(233,50,23),(234,50,24),(235,50,25),(236,50,26),(237,50,27),(238,50,28),(239,51,22),(240,51,23),(241,51,24),(242,51,25),(243,51,26),(244,51,27),(245,51,28),(246,52,22),(247,52,23),(248,52,24),(249,52,25),(250,52,26),(251,52,27),(252,52,28),(253,53,22),(254,53,23),(255,53,24),(256,53,25),(257,53,26),(258,53,27),(259,53,28),(260,54,22),(261,54,23),(262,54,24),(263,54,25),(264,54,26),(265,54,27),(266,54,28),(267,55,22),(268,55,23),(269,55,24),(270,55,25),(271,55,26),(272,55,27),(273,55,28),(274,56,22),(275,56,23),(276,56,24),(277,56,25),(278,56,26),(279,56,27),(280,56,28),(281,57,29),(282,57,30),(283,57,31),(284,57,32),(285,57,33),(286,57,34),(287,57,35),(288,57,36),(289,58,29),(290,58,30),(291,58,31),(292,58,32),(293,58,33),(294,58,34),(295,58,35),(296,58,36),(297,59,29),(298,59,30),(299,59,31),(300,59,32),(301,59,33),(302,59,34),(303,59,35),(304,59,36),(305,60,29),(306,60,30),(307,60,31),(308,60,32),(309,60,33),(310,60,34),(311,60,35),(312,60,36),(313,61,29),(314,61,30),(315,61,31),(316,61,32),(317,61,33),(318,61,34),(319,61,35),(320,61,36),(321,62,29),(322,62,30),(323,62,31),(324,62,32),(325,62,33),(326,62,34),(327,62,35),(328,62,36),(329,63,29),(330,63,30),(331,63,31),(332,63,32),(333,63,33),(334,63,34),(335,63,35),(336,63,36),(337,64,29),(338,64,30),(339,64,31),(340,64,32),(341,64,33),(342,64,34),(343,64,35),(344,64,36),(345,65,29),(346,65,30),(347,65,31),(348,65,32),(349,65,33),(350,65,34),(351,65,35),(352,65,36),(353,66,29),(354,66,30),(355,66,31),(356,66,32),(357,66,33),(358,66,34),(359,66,35),(360,66,36),(361,67,29),(362,67,30),(363,67,31),(364,67,32),(365,67,33),(366,67,34),(367,67,35),(368,67,36),(369,68,29),(370,68,30),(371,68,31),(372,68,32),(373,68,33),(374,68,34),(375,68,35),(376,68,36),(377,69,29),(378,69,30),(379,69,31),(380,69,32),(381,69,33),(382,69,34),(383,69,35),(384,69,36),(385,70,29),(386,70,30),(387,70,31),(388,70,32),(389,70,33),(390,70,34),(391,70,35),(392,70,36),(393,71,29),(394,71,30),(395,71,31),(396,71,32),(397,71,33),(398,71,34),(399,71,35),(400,71,36),(401,72,29),(402,72,30),(403,72,31),(404,72,32),(405,72,33),(406,72,34),(407,72,35),(408,72,36),(409,73,37),(410,73,38),(411,73,39),(412,73,40),(413,73,41),(414,73,42),(415,73,43),(416,73,44),(417,73,45),(418,74,37),(419,74,38),(420,74,39),(421,74,40),(422,74,41),(423,74,42),(424,74,43),(425,74,44),(426,74,45),(427,75,37),(428,75,38),(429,75,39),(430,75,40),(431,75,41),(432,75,42),(433,75,43),(434,75,44),(435,75,45),(436,76,37),(437,76,38),(438,76,39),(439,76,40),(440,76,41),(441,76,42),(442,76,43),(443,76,44),(444,76,45),(445,77,37),(446,77,38),(447,77,39),(448,77,40),(449,77,41),(450,77,42),(451,77,43),(452,77,44),(453,77,45),(454,78,37),(455,78,38),(456,78,39),(457,78,40),(458,78,41),(459,78,42),(460,78,43),(461,78,44),(462,78,45),(463,79,37),(464,79,38),(465,79,39),(466,79,40),(467,79,41),(468,79,42),(469,79,43),(470,79,44),(471,79,45),(472,80,37),(473,80,38),(474,80,39),(475,80,40),(476,80,41),(477,80,42),(478,80,43),(479,80,44),(480,80,45),(481,81,37),(482,81,38),(483,81,39),(484,81,40),(485,81,41),(486,81,42),(487,81,43),(488,81,44),(489,81,45),(490,82,37),(491,82,38),(492,82,39),(493,82,40),(494,82,41),(495,82,42),(496,82,43),(497,82,44),(498,82,45),(499,83,37),(500,83,38),(501,83,39),(502,83,40),(503,83,41),(504,83,42),(505,83,43),(506,83,44),(507,83,45),(508,84,37),(509,84,38),(510,84,39),(511,84,40),(512,84,41),(513,84,42),(514,84,43),(515,84,44),(516,84,45),(517,85,37),(518,85,38),(519,85,39),(520,85,40),(521,85,41),(522,85,42),(523,85,43),(524,85,44),(525,85,45),(526,86,37),(527,86,38),(528,86,39),(529,86,40),(530,86,41),(531,86,42),(532,86,43),(533,86,44),(534,86,45),(535,87,37),(536,87,38),(537,87,39),(538,87,40),(539,87,41),(540,87,42),(541,87,43),(542,87,44),(543,87,45),(544,88,37),(545,88,38),(546,88,39),(547,88,40),(548,88,41),(549,88,42),(550,88,43),(551,88,44),(552,88,45),(553,89,37),(554,89,38),(555,89,39),(556,89,40),(557,89,41),(558,89,42),(559,89,43),(560,89,44),(561,89,45),(562,90,37),(563,90,38),(564,90,39),(565,90,40),(566,90,41),(567,90,42),(568,90,43),(569,90,44),(570,90,45);
/*!40000 ALTER TABLE `company_fund` ENABLE KEYS */;
UNLOCK TABLES;

--
-- Table structure for table `failed_jobs`
--

DROP TABLE IF EXISTS `failed_jobs`;
/*!40101 SET @saved_cs_client     = @@character_set_client */;
/*!50503 SET character_set_client = utf8mb4 */;
CREATE TABLE `failed_jobs` (
  `id` bigint unsigned NOT NULL AUTO_INCREMENT,
  `uuid` varchar(255) COLLATE utf8mb4_unicode_ci NOT NULL,
  `connection` text COLLATE utf8mb4_unicode_ci NOT NULL,
  `queue` text COLLATE utf8mb4_unicode_ci NOT NULL,
  `payload` longtext COLLATE utf8mb4_unicode_ci NOT NULL,
  `exception` longtext COLLATE utf8mb4_unicode_ci NOT NULL,
  `failed_at` timestamp NOT NULL DEFAULT CURRENT_TIMESTAMP,
  PRIMARY KEY (`id`),
  UNIQUE KEY `failed_jobs_uuid_unique` (`uuid`)
) ENGINE=InnoDB DEFAULT CHARSET=utf8mb4 COLLATE=utf8mb4_unicode_ci;
/*!40101 SET character_set_client = @saved_cs_client */;

--
-- Dumping data for table `failed_jobs`
--

LOCK TABLES `failed_jobs` WRITE;
/*!40000 ALTER TABLE `failed_jobs` DISABLE KEYS */;
/*!40000 ALTER TABLE `failed_jobs` ENABLE KEYS */;
UNLOCK TABLES;

--
-- Table structure for table `fund_aliases`
--

DROP TABLE IF EXISTS `fund_aliases`;
/*!40101 SET @saved_cs_client     = @@character_set_client */;
/*!50503 SET character_set_client = utf8mb4 */;
CREATE TABLE `fund_aliases` (
  `id` bigint unsigned NOT NULL AUTO_INCREMENT,
  `name` varchar(255) COLLATE utf8mb4_unicode_ci NOT NULL,
  `created_at` timestamp NULL DEFAULT NULL,
  `updated_at` timestamp NULL DEFAULT NULL,
  `fund_id` bigint unsigned NOT NULL,
  PRIMARY KEY (`id`),
  KEY `fund_aliases_name_index` (`name`),
  KEY `fund_aliases_fund_id_foreign` (`fund_id`),
  CONSTRAINT `fund_aliases_fund_id_foreign` FOREIGN KEY (`fund_id`) REFERENCES `funds` (`id`) ON DELETE CASCADE
) ENGINE=InnoDB AUTO_INCREMENT=136 DEFAULT CHARSET=utf8mb4 COLLATE=utf8mb4_unicode_ci;
/*!40101 SET character_set_client = @saved_cs_client */;

--
-- Dumping data for table `fund_aliases`
--

LOCK TABLES `fund_aliases` WRITE;
/*!40000 ALTER TABLE `fund_aliases` DISABLE KEYS */;
INSERT INTO `fund_aliases` VALUES (1,'PaleGoldenRod','2023-06-05 02:29:24','2023-06-05 02:29:24',1),(2,'Lime','2023-06-05 02:29:24','2023-06-05 02:29:24',1),(3,'Aqua','2023-06-05 02:29:24','2023-06-05 02:29:24',2),(4,'GoldenRod','2023-06-05 02:29:24','2023-06-05 02:29:24',6),(5,'FireBrick','2023-06-05 02:29:24','2023-06-05 02:29:24',4),(6,'DimGray','2023-06-05 02:29:24','2023-06-05 02:29:24',2),(7,'OldLace','2023-06-05 02:29:24','2023-06-05 02:29:24',6),(8,'Bisque','2023-06-05 02:29:24','2023-06-05 02:29:24',1),(9,'Plum','2023-06-05 02:29:24','2023-06-05 02:29:24',2),(10,'MediumPurple','2023-06-05 02:29:24','2023-06-05 02:29:24',6),(11,'LightGreen','2023-06-05 02:29:24','2023-06-05 02:29:24',7),(12,'Orange','2023-06-05 02:29:24','2023-06-05 02:29:24',5),(13,'DeepSkyBlue','2023-06-05 02:29:24','2023-06-05 02:29:24',5),(14,'Linen','2023-06-05 02:29:24','2023-06-05 02:29:24',6),(15,'Silver','2023-06-05 02:29:24','2023-06-05 02:29:24',1),(16,'YellowGreen','2023-06-05 02:29:24','2023-06-05 02:29:24',11),(17,'DarkOliveGreen','2023-06-05 02:29:24','2023-06-05 02:29:24',11),(18,'Beige','2023-06-05 02:29:24','2023-06-05 02:29:24',10),(19,'Silver','2023-06-05 02:29:24','2023-06-05 02:29:24',18),(20,'Linen','2023-06-05 02:29:24','2023-06-05 02:29:24',15),(21,'SlateGray','2023-06-05 02:29:24','2023-06-05 02:29:24',15),(22,'MidnightBlue','2023-06-05 02:29:24','2023-06-05 02:29:24',17),(23,'DarkCyan','2023-06-05 02:29:24','2023-06-05 02:29:24',16),(24,'Peru','2023-06-05 02:29:24','2023-06-05 02:29:24',19),(25,'CornflowerBlue','2023-06-05 02:29:24','2023-06-05 02:29:24',2),(26,'SandyBrown','2023-06-05 02:29:24','2023-06-05 02:29:24',12),(27,'MidnightBlue','2023-06-05 02:29:24','2023-06-05 02:29:24',13),(28,'Moccasin','2023-06-05 02:29:24','2023-06-05 02:29:24',1),(29,'DarkSalmon','2023-06-05 02:29:24','2023-06-05 02:29:24',19),(30,'Bisque','2023-06-05 02:29:24','2023-06-05 02:29:24',1),(31,'Fuchsia','2023-06-05 02:29:24','2023-06-05 02:29:24',11),(32,'ForestGreen','2023-06-05 02:29:24','2023-06-05 02:29:24',24),(33,'Magenta','2023-06-05 02:29:24','2023-06-05 02:29:24',4),(34,'DarkGreen','2023-06-05 02:29:24','2023-06-05 02:29:24',25),(35,'GreenYellow','2023-06-05 02:29:24','2023-06-05 02:29:24',30),(36,'LawnGreen','2023-06-05 02:29:24','2023-06-05 02:29:24',27),(37,'DarkGray','2023-06-05 02:29:24','2023-06-05 02:29:24',23),(38,'PaleTurquoise','2023-06-05 02:29:24','2023-06-05 02:29:24',20),(39,'FireBrick','2023-06-05 02:29:24','2023-06-05 02:29:24',12),(40,'MediumSlateBlue','2023-06-05 02:29:24','2023-06-05 02:29:24',16),(41,'Gold','2023-06-05 02:29:24','2023-06-05 02:29:24',26),(42,'SeaShell','2023-06-05 02:29:24','2023-06-05 02:29:24',12),(43,'DarkOrchid','2023-06-05 02:29:24','2023-06-05 02:29:24',2),(44,'NavajoWhite','2023-06-05 02:29:24','2023-06-05 02:29:24',17),(45,'Yellow','2023-06-05 02:29:24','2023-06-05 02:29:24',18),(46,'LightGreen','2023-06-05 02:29:24','2023-06-05 02:29:24',13),(47,'DarkTurquoise','2023-06-05 02:29:24','2023-06-05 02:29:24',26),(48,'SandyBrown','2023-06-05 02:29:24','2023-06-05 02:29:24',22),(49,'Chocolate','2023-06-05 02:29:24','2023-06-05 02:29:24',22),(50,'LightYellow','2023-06-05 02:29:24','2023-06-05 02:29:24',10),(51,'FloralWhite','2023-06-05 02:29:24','2023-06-05 02:29:24',26),(52,'AliceBlue','2023-06-05 02:29:24','2023-06-05 02:29:24',15),(53,'DeepSkyBlue','2023-06-05 02:29:24','2023-06-05 02:29:24',39),(54,'DeepPink','2023-06-05 02:29:24','2023-06-05 02:29:24',40),(55,'HotPink','2023-06-05 02:29:24','2023-06-05 02:29:24',11),(56,'SkyBlue','2023-06-05 02:29:24','2023-06-05 02:29:24',19),(57,'MediumTurquoise','2023-06-05 02:29:24','2023-06-05 02:29:24',30),(58,'Chartreuse','2023-06-05 02:29:24','2023-06-05 02:29:24',19),(59,'Pink','2023-06-05 02:29:24','2023-06-05 02:29:24',40),(60,'Silver','2023-06-05 02:29:24','2023-06-05 02:29:24',31),(61,'LimeGreen','2023-06-05 02:29:24','2023-06-05 02:29:24',33),(62,'Violet','2023-06-05 02:29:24','2023-06-05 02:29:24',25),(63,'Moccasin','2023-06-05 02:29:24','2023-06-05 02:29:24',34),(64,'DodgerBlue','2023-06-05 02:29:24','2023-06-05 02:29:24',36),(65,'DarkSeaGreen','2023-06-05 02:29:24','2023-06-05 02:29:24',33),(66,'Teal','2023-06-05 02:29:24','2023-06-05 02:29:24',52),(67,'Snow','2023-06-05 02:29:24','2023-06-05 02:29:24',17),(68,'CadetBlue','2023-06-05 02:29:24','2023-06-05 02:29:24',5),(69,'CornflowerBlue','2023-06-05 02:29:24','2023-06-05 02:29:24',19),(70,'LawnGreen','2023-06-05 02:29:24','2023-06-05 02:29:24',30),(71,'Red','2023-06-05 02:29:24','2023-06-05 02:29:24',33),(72,'PeachPuff','2023-06-05 02:29:24','2023-06-05 02:29:24',36),(73,'RosyBrown','2023-06-05 02:29:24','2023-06-05 02:29:24',43),(74,'MediumSlateBlue','2023-06-05 02:29:24','2023-06-05 02:29:24',9),(75,'Red','2023-06-05 02:29:24','2023-06-05 02:29:24',9),(76,'PowderBlue','2023-06-05 02:29:24','2023-06-05 02:29:24',9),(77,'DarkOrchid','2023-06-05 02:29:24','2023-06-05 02:29:24',16),(78,'DarkGray','2023-06-05 02:29:24','2023-06-05 02:29:24',28),(79,'Khaki','2023-06-05 02:29:24','2023-06-05 02:29:24',55),(80,'RosyBrown','2023-06-05 02:29:24','2023-06-05 02:29:24',40),(81,'SkyBlue','2023-06-05 02:29:24','2023-06-05 02:29:24',49),(82,'HoneyDew','2023-06-05 02:29:24','2023-06-05 02:29:24',47),(83,'Aqua','2023-06-05 02:29:24','2023-06-05 02:29:24',32),(84,'Navy','2023-06-05 02:29:24','2023-06-05 02:29:24',50),(85,'Turquoise','2023-06-05 02:29:24','2023-06-05 02:29:24',53),(86,'Chartreuse','2023-06-05 02:29:24','2023-06-05 02:29:24',32),(87,'MistyRose','2023-06-05 02:29:24','2023-06-05 02:29:24',9),(88,'MistyRose','2023-06-05 02:29:24','2023-06-05 02:29:24',47),(89,'LightSkyBlue','2023-06-05 02:29:24','2023-06-05 02:29:24',46),(90,'SlateBlue','2023-06-05 02:29:24','2023-06-05 02:29:24',21),(91,'Azure','2023-06-05 02:29:24','2023-06-05 02:29:24',32),(92,'GoldenRod','2023-06-05 02:29:24','2023-06-05 02:29:24',55),(93,'BlanchedAlmond','2023-06-05 02:29:24','2023-06-05 02:29:24',29),(94,'FloralWhite','2023-06-05 02:29:24','2023-06-05 02:29:24',23),(95,'SteelBlue','2023-06-05 02:29:24','2023-06-05 02:29:24',42),(96,'DodgerBlue','2023-06-05 02:29:24','2023-06-05 02:29:24',59),(97,'Teal','2023-06-05 02:29:24','2023-06-05 02:29:24',28),(98,'MediumAquaMarine','2023-06-05 02:29:24','2023-06-05 02:29:24',39),(99,'MediumTurquoise','2023-06-05 02:29:24','2023-06-05 02:29:24',38),(100,'Tomato','2023-06-05 02:29:24','2023-06-05 02:29:24',37),(101,'ForestGreen','2023-06-05 02:29:24','2023-06-05 02:29:24',48),(102,'Navy','2023-06-05 02:29:24','2023-06-05 02:29:24',65),(103,'LightYellow','2023-06-05 02:29:24','2023-06-05 02:29:24',24),(104,'LawnGreen','2023-06-05 02:29:24','2023-06-05 02:29:24',52),(105,'AntiqueWhite','2023-06-05 02:29:24','2023-06-05 02:29:24',62),(106,'Bisque','2023-06-05 02:29:24','2023-06-05 02:29:24',72),(107,'LightCoral','2023-06-05 02:29:24','2023-06-05 02:29:24',41),(108,'LightSteelBlue','2023-06-05 02:29:24','2023-06-05 02:29:24',68),(109,'Pink','2023-06-05 02:29:25','2023-06-05 02:29:25',87),(110,'Red','2023-06-05 02:29:25','2023-06-05 02:29:25',56),(111,'Silver','2023-06-05 02:29:25','2023-06-05 02:29:25',84),(112,'BlanchedAlmond','2023-06-05 02:29:25','2023-06-05 02:29:25',22),(113,'Moccasin','2023-06-05 02:29:25','2023-06-05 02:29:25',13),(114,'SlateGray','2023-06-05 02:29:25','2023-06-05 02:29:25',37),(115,'RosyBrown','2023-06-05 02:29:25','2023-06-05 02:29:25',6),(116,'MediumOrchid','2023-06-05 02:29:25','2023-06-05 02:29:25',32),(117,'Sienna','2023-06-05 02:29:25','2023-06-05 02:29:25',52),(118,'SeaShell','2023-06-05 02:29:25','2023-06-05 02:29:25',10),(119,'SlateGray','2023-06-05 02:29:25','2023-06-05 02:29:25',37),(120,'LawnGreen','2023-06-05 02:29:25','2023-06-05 02:29:25',35),(121,'Azure','2023-06-05 02:29:25','2023-06-05 02:29:25',26),(122,'GoldenRod','2023-06-05 02:29:25','2023-06-05 02:29:25',40),(123,'LightSteelBlue','2023-06-05 02:29:25','2023-06-05 02:29:25',82),(124,'Chocolate','2023-06-05 02:29:25','2023-06-05 02:29:25',57),(125,'Gainsboro','2023-06-05 02:29:25','2023-06-05 02:29:25',77),(126,'MediumTurquoise','2023-06-05 02:29:25','2023-06-05 02:29:25',69),(127,'LightBlue','2023-06-05 02:29:25','2023-06-05 02:29:25',21),(128,'SeaGreen','2023-06-05 02:29:25','2023-06-05 02:29:25',80),(129,'Ivory','2023-06-05 02:29:25','2023-06-05 02:29:25',42),(130,'Tomato','2023-06-05 02:29:25','2023-06-05 02:29:25',59),(131,'DarkViolet','2023-06-05 02:29:25','2023-06-05 02:29:25',7),(132,'Lavender','2023-06-05 02:29:25','2023-06-05 02:29:25',40),(133,'Salmon','2023-06-05 02:29:25','2023-06-05 02:29:25',60),(134,'DarkKhaki','2023-06-05 02:29:25','2023-06-05 02:29:25',45),(135,'RoyalBlue','2023-06-05 02:29:25','2023-06-05 02:29:25',60);
/*!40000 ALTER TABLE `fund_aliases` ENABLE KEYS */;
UNLOCK TABLES;

--
-- Table structure for table `fund_duplicates_log`
--

DROP TABLE IF EXISTS `fund_duplicates_log`;
/*!40101 SET @saved_cs_client     = @@character_set_client */;
/*!50503 SET character_set_client = utf8mb4 */;
CREATE TABLE `fund_duplicates_log` (
  `id` bigint unsigned NOT NULL AUTO_INCREMENT,
  `duplicates` json NOT NULL,
  `fund_id` bigint unsigned NOT NULL,
  PRIMARY KEY (`id`),
  KEY `fund_duplicates_log_fund_id_foreign` (`fund_id`),
  CONSTRAINT `fund_duplicates_log_fund_id_foreign` FOREIGN KEY (`fund_id`) REFERENCES `funds` (`id`) ON DELETE CASCADE
) ENGINE=InnoDB DEFAULT CHARSET=utf8mb4 COLLATE=utf8mb4_unicode_ci;
/*!40101 SET character_set_client = @saved_cs_client */;

--
-- Dumping data for table `fund_duplicates_log`
--

LOCK TABLES `fund_duplicates_log` WRITE;
/*!40000 ALTER TABLE `fund_duplicates_log` DISABLE KEYS */;
/*!40000 ALTER TABLE `fund_duplicates_log` ENABLE KEYS */;
UNLOCK TABLES;

--
-- Table structure for table `fund_managers`
--

DROP TABLE IF EXISTS `fund_managers`;
/*!40101 SET @saved_cs_client     = @@character_set_client */;
/*!50503 SET character_set_client = utf8mb4 */;
CREATE TABLE `fund_managers` (
  `id` bigint unsigned NOT NULL AUTO_INCREMENT,
  `name` varchar(255) COLLATE utf8mb4_unicode_ci NOT NULL,
  `created_at` timestamp NULL DEFAULT NULL,
  `updated_at` timestamp NULL DEFAULT NULL,
  PRIMARY KEY (`id`),
  KEY `fund_managers_name_index` (`name`)
) ENGINE=InnoDB AUTO_INCREMENT=46 DEFAULT CHARSET=utf8mb4 COLLATE=utf8mb4_unicode_ci;
/*!40101 SET character_set_client = @saved_cs_client */;

--
-- Dumping data for table `fund_managers`
--

LOCK TABLES `fund_managers` WRITE;
/*!40000 ALTER TABLE `fund_managers` DISABLE KEYS */;
INSERT INTO `fund_managers` VALUES (1,'Boyle-Collier','2023-06-05 02:29:24','2023-06-05 02:29:24'),(2,'Braun, Boyer and Lang','2023-06-05 02:29:24','2023-06-05 02:29:24'),(3,'Bailey-Abbott','2023-06-05 02:29:24','2023-06-05 02:29:24'),(4,'Pacocha, Hyatt and Eichmann','2023-06-05 02:29:24','2023-06-05 02:29:24'),(5,'Gusikowski, Hickle and Greenfelder','2023-06-05 02:29:24','2023-06-05 02:29:24'),(6,'Rowe Group','2023-06-05 02:29:24','2023-06-05 02:29:24'),(7,'King, Senger and Ryan','2023-06-05 02:29:24','2023-06-05 02:29:24'),(8,'Kessler-Pagac','2023-06-05 02:29:24','2023-06-05 02:29:24'),(9,'Quigley PLC','2023-06-05 02:29:24','2023-06-05 02:29:24'),(10,'Beer, Carter and Boyle','2023-06-05 02:29:24','2023-06-05 02:29:24'),(11,'Schulist Ltd','2023-06-05 02:29:24','2023-06-05 02:29:24'),(12,'Krajcik-Barrows','2023-06-05 02:29:24','2023-06-05 02:29:24'),(13,'Medhurst and Sons','2023-06-05 02:29:24','2023-06-05 02:29:24'),(14,'Dooley, Murray and Miller','2023-06-05 02:29:24','2023-06-05 02:29:24'),(15,'Hoppe, Sipes and Lesch','2023-06-05 02:29:24','2023-06-05 02:29:24'),(16,'Torphy Ltd','2023-06-05 02:29:24','2023-06-05 02:29:24'),(17,'Maggio PLC','2023-06-05 02:29:24','2023-06-05 02:29:24'),(18,'Bartoletti-Eichmann','2023-06-05 02:29:24','2023-06-05 02:29:24'),(19,'Corwin and Sons','2023-06-05 02:29:24','2023-06-05 02:29:24'),(20,'Langosh, Labadie and Herzog','2023-06-05 02:29:24','2023-06-05 02:29:24'),(21,'Emmerich, Metz and Larson','2023-06-05 02:29:24','2023-06-05 02:29:24'),(22,'Wehner and Sons','2023-06-05 02:29:24','2023-06-05 02:29:24'),(23,'VonRueden-Pfeffer','2023-06-05 02:29:24','2023-06-05 02:29:24'),(24,'Bartoletti Inc','2023-06-05 02:29:24','2023-06-05 02:29:24'),(25,'Ernser LLC','2023-06-05 02:29:24','2023-06-05 02:29:24'),(26,'Lind, Huel and Gerhold','2023-06-05 02:29:24','2023-06-05 02:29:24'),(27,'Mann and Sons','2023-06-05 02:29:24','2023-06-05 02:29:24'),(28,'Pouros, Runte and Baumbach','2023-06-05 02:29:24','2023-06-05 02:29:24'),(29,'Dickinson-Hoeger','2023-06-05 02:29:24','2023-06-05 02:29:24'),(30,'Buckridge-Mohr','2023-06-05 02:29:24','2023-06-05 02:29:24'),(31,'Schimmel Ltd','2023-06-05 02:29:24','2023-06-05 02:29:24'),(32,'Bogan, Price and Mayert','2023-06-05 02:29:24','2023-06-05 02:29:24'),(33,'Pouros-Will','2023-06-05 02:29:24','2023-06-05 02:29:24'),(34,'Dare, Larkin and Fay','2023-06-05 02:29:24','2023-06-05 02:29:24'),(35,'Turner and Sons','2023-06-05 02:29:24','2023-06-05 02:29:24'),(36,'Powlowski-Jacobi','2023-06-05 02:29:24','2023-06-05 02:29:24'),(37,'Christiansen-Rutherford','2023-06-05 02:29:24','2023-06-05 02:29:24'),(38,'Wuckert, Rohan and Kihn','2023-06-05 02:29:24','2023-06-05 02:29:24'),(39,'Swift-Gibson','2023-06-05 02:29:24','2023-06-05 02:29:24'),(40,'Turcotte LLC','2023-06-05 02:29:24','2023-06-05 02:29:24'),(41,'Stoltenberg Ltd','2023-06-05 02:29:24','2023-06-05 02:29:24'),(42,'Prosacco Group','2023-06-05 02:29:24','2023-06-05 02:29:24'),(43,'Kassulke, Schultz and Hirthe','2023-06-05 02:29:24','2023-06-05 02:29:24'),(44,'McDermott-Kutch','2023-06-05 02:29:24','2023-06-05 02:29:24'),(45,'Hamill-Mante','2023-06-05 02:29:24','2023-06-05 02:29:24');
/*!40000 ALTER TABLE `fund_managers` ENABLE KEYS */;
UNLOCK TABLES;

--
-- Table structure for table `funds`
--

DROP TABLE IF EXISTS `funds`;
/*!40101 SET @saved_cs_client     = @@character_set_client */;
/*!50503 SET character_set_client = utf8mb4 */;
CREATE TABLE `funds` (
  `id` bigint unsigned NOT NULL AUTO_INCREMENT,
  `name` varchar(255) COLLATE utf8mb4_unicode_ci NOT NULL,
  `year` smallint unsigned NOT NULL,
  `created_at` timestamp NULL DEFAULT NULL,
  `updated_at` timestamp NULL DEFAULT NULL,
  `fund_manager_id` bigint unsigned NOT NULL,
  PRIMARY KEY (`id`),
  KEY `funds_name_index` (`name`),
  KEY `funds_fund_manager_id_foreign` (`fund_manager_id`),
  CONSTRAINT `funds_fund_manager_id_foreign` FOREIGN KEY (`fund_manager_id`) REFERENCES `fund_managers` (`id`) ON DELETE RESTRICT
) ENGINE=InnoDB AUTO_INCREMENT=91 DEFAULT CHARSET=utf8mb4 COLLATE=utf8mb4_unicode_ci;
/*!40101 SET character_set_client = @saved_cs_client */;

--
-- Dumping data for table `funds`
--

LOCK TABLES `funds` WRITE;
/*!40000 ALTER TABLE `funds` DISABLE KEYS */;
INSERT INTO `funds` VALUES (1,'INR-GUY',2000,'2023-06-05 02:29:24','2023-06-05 02:29:24',1),(2,'JPY-AUT',2001,'2023-06-05 02:29:24','2023-06-05 02:29:24',1),(3,'YER-LBR',1987,'2023-06-05 02:29:24','2023-06-05 02:29:24',3),(4,'XCD-TJK',1985,'2023-06-05 02:29:24','2023-06-05 02:29:24',3),(5,'SBD-PNG',1985,'2023-06-05 02:29:24','2023-06-05 02:29:24',1),(6,'MKD-IDN',2011,'2023-06-05 02:29:24','2023-06-05 02:29:24',1),(7,'MZN-IRN',1984,'2023-06-05 02:29:24','2023-06-05 02:29:24',5),(8,'IRR-ZAF',2004,'2023-06-05 02:29:24','2023-06-05 02:29:24',6),(9,'MKD-PLW',1987,'2023-06-05 02:29:24','2023-06-05 02:29:24',3),(10,'EGP-CYM',1991,'2023-06-05 02:29:24','2023-06-05 02:29:24',5),(11,'ZAR-NFK',2016,'2023-06-05 02:29:24','2023-06-05 02:29:24',1),(12,'DJF-GHA',2018,'2023-06-05 02:29:24','2023-06-05 02:29:24',2),(13,'AFN-SSD',1984,'2023-06-05 02:29:24','2023-06-05 02:29:24',8),(14,'FKP-MTQ',2009,'2023-06-05 02:29:24','2023-06-05 02:29:24',4),(15,'CNY-MNE',1993,'2023-06-05 02:29:24','2023-06-05 02:29:24',9),(16,'RWF-USA',2013,'2023-06-05 02:29:24','2023-06-05 02:29:24',9),(17,'SEK-CHL',1990,'2023-06-05 02:29:24','2023-06-05 02:29:24',6),(18,'SDG-SXM',1996,'2023-06-05 02:29:24','2023-06-05 02:29:24',8),(19,'BND-BLM',1996,'2023-06-05 02:29:24','2023-06-05 02:29:24',3),(20,'CHF-KWT',2013,'2023-06-05 02:29:24','2023-06-05 02:29:24',7),(21,'MYR-SOM',2013,'2023-06-05 02:29:24','2023-06-05 02:29:24',7),(22,'AFN-HND',2015,'2023-06-05 02:29:24','2023-06-05 02:29:24',4),(23,'HTG-KOR',1998,'2023-06-05 02:29:24','2023-06-05 02:29:24',8),(24,'MOP-KGZ',2018,'2023-06-05 02:29:24','2023-06-05 02:29:24',11),(25,'KPW-SPM',2009,'2023-06-05 02:29:24','2023-06-05 02:29:24',10),(26,'MAD-SEN',2000,'2023-06-05 02:29:24','2023-06-05 02:29:24',8),(27,'ANG-GNQ',2001,'2023-06-05 02:29:24','2023-06-05 02:29:24',4),(28,'TTD-KIR',1991,'2023-06-05 02:29:24','2023-06-05 02:29:24',11),(29,'SLL-TJK',2015,'2023-06-05 02:29:24','2023-06-05 02:29:24',11),(30,'CDF-CUB',1995,'2023-06-05 02:29:24','2023-06-05 02:29:24',7),(31,'INR-SVK',2014,'2023-06-05 02:29:24','2023-06-05 02:29:24',11),(32,'YER-ATF',1984,'2023-06-05 02:29:24','2023-06-05 02:29:24',19),(33,'SDG-ARG',2015,'2023-06-05 02:29:24','2023-06-05 02:29:24',11),(34,'MYR-KIR',2002,'2023-06-05 02:29:24','2023-06-05 02:29:24',19),(35,'XCD-NER',1980,'2023-06-05 02:29:24','2023-06-05 02:29:24',18),(36,'DJF-TTO',1995,'2023-06-05 02:29:24','2023-06-05 02:29:24',19),(37,'TRY-RUS',1996,'2023-06-05 02:29:24','2023-06-05 02:29:24',11),(38,'VND-EGY',1983,'2023-06-05 02:29:24','2023-06-05 02:29:24',17),(39,'MMK-SWZ',2003,'2023-06-05 02:29:24','2023-06-05 02:29:24',5),(40,'BIF-LBR',2023,'2023-06-05 02:29:24','2023-06-05 02:29:24',1),(41,'KWD-SYR',2021,'2023-06-05 02:29:24','2023-06-05 02:29:24',10),(42,'SBD-BIH',2003,'2023-06-05 02:29:24','2023-06-05 02:29:24',6),(43,'CAD-BLR',2004,'2023-06-05 02:29:24','2023-06-05 02:29:24',27),(44,'BRL-MYS',2000,'2023-06-05 02:29:24','2023-06-05 02:29:24',2),(45,'JOD-RWA',2010,'2023-06-05 02:29:24','2023-06-05 02:29:24',18),(46,'LSL-CAF',2015,'2023-06-05 02:29:24','2023-06-05 02:29:24',10),(47,'RWF-NPL',2021,'2023-06-05 02:29:24','2023-06-05 02:29:24',4),(48,'LAK-BIH',2009,'2023-06-05 02:29:24','2023-06-05 02:29:24',6),(49,'TJS-KWT',2003,'2023-06-05 02:29:24','2023-06-05 02:29:24',26),(50,'BAM-WLF',2017,'2023-06-05 02:29:24','2023-06-05 02:29:24',27),(51,'AUD-GNQ',2011,'2023-06-05 02:29:24','2023-06-05 02:29:24',8),(52,'AOA-KWT',2020,'2023-06-05 02:29:24','2023-06-05 02:29:24',19),(53,'JPY-TON',1986,'2023-06-05 02:29:24','2023-06-05 02:29:24',16),(54,'RUB-MOZ',1992,'2023-06-05 02:29:24','2023-06-05 02:29:24',2),(55,'XOF-COM',2006,'2023-06-05 02:29:24','2023-06-05 02:29:24',2),(56,'DZD-NIC',1983,'2023-06-05 02:29:24','2023-06-05 02:29:24',26),(57,'ILS-DJI',2017,'2023-06-05 02:29:24','2023-06-05 02:29:24',7),(58,'SLL-NFK',2015,'2023-06-05 02:29:24','2023-06-05 02:29:24',6),(59,'GIP-ZAF',1997,'2023-06-05 02:29:24','2023-06-05 02:29:24',26),(60,'TND-GUY',2012,'2023-06-05 02:29:24','2023-06-05 02:29:24',36),(61,'GMD-MUS',1989,'2023-06-05 02:29:24','2023-06-05 02:29:24',34),(62,'INR-KAZ',2006,'2023-06-05 02:29:24','2023-06-05 02:29:24',17),(63,'AMD-GRL',2006,'2023-06-05 02:29:24','2023-06-05 02:29:24',11),(64,'VES-MNG',2001,'2023-06-05 02:29:24','2023-06-05 02:29:24',31),(65,'MWK-RUS',1986,'2023-06-05 02:29:24','2023-06-05 02:29:24',16),(66,'XCD-ESP',2013,'2023-06-05 02:29:24','2023-06-05 02:29:24',8),(67,'RSD-UMI',2007,'2023-06-05 02:29:24','2023-06-05 02:29:24',11),(68,'GEL-UKR',2006,'2023-06-05 02:29:24','2023-06-05 02:29:24',30),(69,'KRW-ABW',1997,'2023-06-05 02:29:24','2023-06-05 02:29:24',34),(70,'ZAR-YEM',2011,'2023-06-05 02:29:24','2023-06-05 02:29:24',14),(71,'SDG-AUT',1981,'2023-06-05 02:29:24','2023-06-05 02:29:24',10),(72,'BND-KEN',1993,'2023-06-05 02:29:24','2023-06-05 02:29:24',31),(73,'VUV-CHN',2004,'2023-06-05 02:29:24','2023-06-05 02:29:24',18),(74,'DZD-CRI',2001,'2023-06-05 02:29:25','2023-06-05 02:29:25',9),(75,'DZD-ABW',2015,'2023-06-05 02:29:25','2023-06-05 02:29:25',1),(76,'NGN-CYP',1993,'2023-06-05 02:29:25','2023-06-05 02:29:25',35),(77,'AWG-SLE',1982,'2023-06-05 02:29:25','2023-06-05 02:29:25',22),(78,'KMF-BMU',1986,'2023-06-05 02:29:25','2023-06-05 02:29:25',41),(79,'TWD-MTQ',1993,'2023-06-05 02:29:25','2023-06-05 02:29:25',6),(80,'IRR-BRN',2001,'2023-06-05 02:29:25','2023-06-05 02:29:25',37),(81,'MKD-COD',1984,'2023-06-05 02:29:25','2023-06-05 02:29:25',15),(82,'GHS-MDA',2018,'2023-06-05 02:29:25','2023-06-05 02:29:25',12),(83,'KZT-NZL',1986,'2023-06-05 02:29:25','2023-06-05 02:29:25',2),(84,'AED-PNG',2002,'2023-06-05 02:29:25','2023-06-05 02:29:25',16),(85,'GTQ-ESP',1994,'2023-06-05 02:29:25','2023-06-05 02:29:25',32),(86,'BND-BHS',1997,'2023-06-05 02:29:25','2023-06-05 02:29:25',33),(87,'THB-NGA',2007,'2023-06-05 02:29:25','2023-06-05 02:29:25',26),(88,'ERN-ITA',2018,'2023-06-05 02:29:25','2023-06-05 02:29:25',3),(89,'NPR-NZL',1981,'2023-06-05 02:29:25','2023-06-05 02:29:25',33),(90,'BND-MTQ',2016,'2023-06-05 02:29:25','2023-06-05 02:29:25',18);
/*!40000 ALTER TABLE `funds` ENABLE KEYS */;
UNLOCK TABLES;

--
-- Table structure for table `migrations`
--

DROP TABLE IF EXISTS `migrations`;
/*!40101 SET @saved_cs_client     = @@character_set_client */;
/*!50503 SET character_set_client = utf8mb4 */;
CREATE TABLE `migrations` (
  `id` int unsigned NOT NULL AUTO_INCREMENT,
  `migration` varchar(255) COLLATE utf8mb4_unicode_ci NOT NULL,
  `batch` int NOT NULL,
  PRIMARY KEY (`id`)
) ENGINE=InnoDB AUTO_INCREMENT=13 DEFAULT CHARSET=utf8mb4 COLLATE=utf8mb4_unicode_ci;
/*!40101 SET character_set_client = @saved_cs_client */;

--
-- Dumping data for table `migrations`
--

LOCK TABLES `migrations` WRITE;
/*!40000 ALTER TABLE `migrations` DISABLE KEYS */;
INSERT INTO `migrations` VALUES (1,'2014_10_12_000000_create_users_table',1),(2,'2014_10_12_100000_create_password_reset_tokens_table',1),(3,'2019_08_19_000000_create_failed_jobs_table',1),(4,'2019_12_14_000001_create_personal_access_tokens_table',1),(5,'2023_06_02_040508_company',1),(6,'2023_06_02_040526_fund',1),(7,'2023_06_02_040558_fund_alias',1),(8,'2023_06_02_040605_fund_manager',1),(9,'2999_12_31_000001_pivot_tables',1),(10,'2999_12_31_000002_log_tables',1),(11,'2999_12_31_235959_foreign_keys',1),(12,'2999_12_31_235959_stored_functions',1);
/*!40000 ALTER TABLE `migrations` ENABLE KEYS */;
UNLOCK TABLES;

--
-- Table structure for table `password_reset_tokens`
--

DROP TABLE IF EXISTS `password_reset_tokens`;
/*!40101 SET @saved_cs_client     = @@character_set_client */;
/*!50503 SET character_set_client = utf8mb4 */;
CREATE TABLE `password_reset_tokens` (
  `email` varchar(255) COLLATE utf8mb4_unicode_ci NOT NULL,
  `token` varchar(255) COLLATE utf8mb4_unicode_ci NOT NULL,
  `created_at` timestamp NULL DEFAULT NULL,
  PRIMARY KEY (`email`)
) ENGINE=InnoDB DEFAULT CHARSET=utf8mb4 COLLATE=utf8mb4_unicode_ci;
/*!40101 SET character_set_client = @saved_cs_client */;

--
-- Dumping data for table `password_reset_tokens`
--

LOCK TABLES `password_reset_tokens` WRITE;
/*!40000 ALTER TABLE `password_reset_tokens` DISABLE KEYS */;
/*!40000 ALTER TABLE `password_reset_tokens` ENABLE KEYS */;
UNLOCK TABLES;

--
-- Table structure for table `personal_access_tokens`
--

DROP TABLE IF EXISTS `personal_access_tokens`;
/*!40101 SET @saved_cs_client     = @@character_set_client */;
/*!50503 SET character_set_client = utf8mb4 */;
CREATE TABLE `personal_access_tokens` (
  `id` bigint unsigned NOT NULL AUTO_INCREMENT,
  `tokenable_type` varchar(255) COLLATE utf8mb4_unicode_ci NOT NULL,
  `tokenable_id` bigint unsigned NOT NULL,
  `name` varchar(255) COLLATE utf8mb4_unicode_ci NOT NULL,
  `token` varchar(64) COLLATE utf8mb4_unicode_ci NOT NULL,
  `abilities` text COLLATE utf8mb4_unicode_ci,
  `last_used_at` timestamp NULL DEFAULT NULL,
  `expires_at` timestamp NULL DEFAULT NULL,
  `created_at` timestamp NULL DEFAULT NULL,
  `updated_at` timestamp NULL DEFAULT NULL,
  PRIMARY KEY (`id`),
  UNIQUE KEY `personal_access_tokens_token_unique` (`token`),
  KEY `personal_access_tokens_tokenable_type_tokenable_id_index` (`tokenable_type`,`tokenable_id`)
) ENGINE=InnoDB DEFAULT CHARSET=utf8mb4 COLLATE=utf8mb4_unicode_ci;
/*!40101 SET character_set_client = @saved_cs_client */;

--
-- Dumping data for table `personal_access_tokens`
--

LOCK TABLES `personal_access_tokens` WRITE;
/*!40000 ALTER TABLE `personal_access_tokens` DISABLE KEYS */;
/*!40000 ALTER TABLE `personal_access_tokens` ENABLE KEYS */;
UNLOCK TABLES;

--
-- Table structure for table `users`
--

DROP TABLE IF EXISTS `users`;
/*!40101 SET @saved_cs_client     = @@character_set_client */;
/*!50503 SET character_set_client = utf8mb4 */;
CREATE TABLE `users` (
  `id` bigint unsigned NOT NULL AUTO_INCREMENT,
  `name` varchar(255) COLLATE utf8mb4_unicode_ci NOT NULL,
  `email` varchar(255) COLLATE utf8mb4_unicode_ci NOT NULL,
  `email_verified_at` timestamp NULL DEFAULT NULL,
  `password` varchar(255) COLLATE utf8mb4_unicode_ci NOT NULL,
  `remember_token` varchar(100) COLLATE utf8mb4_unicode_ci DEFAULT NULL,
  `created_at` timestamp NULL DEFAULT NULL,
  `updated_at` timestamp NULL DEFAULT NULL,
  PRIMARY KEY (`id`),
  UNIQUE KEY `users_email_unique` (`email`)
) ENGINE=InnoDB DEFAULT CHARSET=utf8mb4 COLLATE=utf8mb4_unicode_ci;
/*!40101 SET character_set_client = @saved_cs_client */;

--
-- Dumping data for table `users`
--

LOCK TABLES `users` WRITE;
/*!40000 ALTER TABLE `users` DISABLE KEYS */;
/*!40000 ALTER TABLE `users` ENABLE KEYS */;
UNLOCK TABLES;
/*!40103 SET TIME_ZONE=@OLD_TIME_ZONE */;

/*!40101 SET SQL_MODE=@OLD_SQL_MODE */;
/*!40014 SET FOREIGN_KEY_CHECKS=@OLD_FOREIGN_KEY_CHECKS */;
/*!40014 SET UNIQUE_CHECKS=@OLD_UNIQUE_CHECKS */;
/*!40101 SET CHARACTER_SET_CLIENT=@OLD_CHARACTER_SET_CLIENT */;
/*!40101 SET CHARACTER_SET_RESULTS=@OLD_CHARACTER_SET_RESULTS */;
/*!40101 SET COLLATION_CONNECTION=@OLD_COLLATION_CONNECTION */;
/*!40111 SET SQL_NOTES=@OLD_SQL_NOTES */;

-- Dump completed on 2023-06-05  2:42:08
